28	analysis	72
172	data	44
657	sequencing	29
133	collection	28
29	and	24
711	study	21
517	of	19
82	blood	13
738	testing	11
470	microscopy	10
646	sampling	9
539	pcr	9
594	questionnaire	9
49	assessment	9
98	cell	8
609	receptor	8
189	diagnostic	8
107	chain	8
739	tests	8
234	ethical	7
248	expression	7
147	consent	7
183	design	7
633	review	7
200	dna	7
345	identification	7
606	reaction	6
387	interviews	6
715	surveillance	6
434	mapping	6
395	isolation	6
276	for	6
300	geographic	6
185	detection	6
559	polymerase	6
220	elisa	6
587	protein	6
782	using	6
296	genetic	5
716	survey	5
645	sample	5
601	rapid	5
674	smear	5
723	system	5
725	t	5
16	administration	5
93	case	5
737	test	4
438	mass	4
771	trial	4
167	culture	4
432	manipulation	4
709	structured	4
431	malaria	4
726	t-cell	4
130	cohort	4
285	from	4
125	clustering	4
180	demographic	4
260	file	4
463	method	4
202	documentation	4
597	random	4
669	single-cell	4
39	approval	4
445	measurement	4
379	integration	4
809	with	4
244	experimental	4
372	informed	3
637	rna-seq	3
413	light	3
376	insecticide	3
367	indoor	3
730	tcr	3
655	sensor	3
120	clinepidb	3
121	clinical	3
636	rna	3
361	in	3
375	innovation	3
734	technique	3
697	staining	3
173	database	3
261	files	3
176	deep	3
170	cytometry	3
695	spraying	3
268	flat	3
163	cross-sectional	3
161	creation	3
536	passive	3
626	residual	3
514	obfuscation	3
347	illumina	3
187	development	3
192	differentiation	3
714	support	3
265	financial	3
197	distance	3
618	regression	3
281	forms	3
576	production	3
68	behavioral	3
757	tracking	3
312	growth	3
455	merging	3
329	high-throughput	3
35	antibody	3
71	binding	3
449	medical	3
593	quantitative	3
446	measurements	3
45	assay	3
46	assays	3
51	association	3
770	treatment	3
55	audio	3
85	by	3
294	gene	3
750	tissue	3
94	case-control	3
11	active	2
227	environment	2
237	evaluation	2
682	spades	2
238	examination	2
604	rdt	2
685	species	2
386	interview	2
687	specimen	2
332	history	2
650	score	2
781	urine	2
476	modeling	2
690	sperm	2
319	health	2
496	multivariate	2
50	assessments	2
813	written	2
778	universal	2
814	x-ray	2
608	real-time	2
245	experiments	2
175	dates	2
350	imaging	2
477	models	2
652	selection	2
20	algorithms	2
254	factor	2
12	activity	2
368	induction	2
230	epidemiological	2
806	whole	2
588	protocol	2
219	elegans	2
549	phosphorylation	2
563	ppar?	2
802	vitro	2
667	simulated	2
27	analyses	2
635	risk	2
799	visits	2
671	sites	2
441	matrix	2
672	size	2
478	molecular	2
208	drug	2
486	mosquitoes	2
377	institutional	2
259	field	2
103	census	2
393	irs	2
57	autopsy	2
75	bioinformatics	2
611	recording	2
140	complex	2
760	transcription	2
299	genotyping	2
136	community-based	2
719	susceptibility	2
428	lung	2
623	report	2
524	or	2
612	recovery	2
622	repertoire	2
86	c.	2
280	format	2
729	taxonomic	2
425	long-lasting	2
424	logistic	2
89	campaigns	2
118	cleaning	2
409	learning	2
423	location/study	2
289	fund	2
97	cdna	2
577	profiling	2
746	through	2
743	thick	2
142	compression	2
717	surveys	2
162	crfs	2
769	treated	2
704	stool	2
66	bednet	2
705	storage	2
706	strategic	2
707	strategy	2
153	conversion	2
298	genome	2
69	beta	2
710	studies	2
699	standardized	2
269	flow	2
149	contents	2
148	construction	2
169	cytokine	2
504	next-generation	2
274	follow-up	2
145	conduct	2
62	baseline	2
574	procedures	1
562	positioning	1
573	probability	1
584	proportion	1
569	preprocessing	1
575	process	1
579	programming	1
578	program	1
561	population	1
560	polymorphism	1
568	preparation	1
564	pps	1
581	project	1
565	preassembly	1
570	presumptive	1
571	primary	1
566	predator-prey	1
580	proinflammatory	1
582	proliferative	1
572	privacy	1
586	prospective	1
567	preference	1
583	proliferator-activated	1
585	proportional	1
0	.csv	1
532	pairs	1
558	plasmid	1
516	observations	1
498	myeloperoxidase	1
499	myod~e12	1
500	nanostring	1
501	ncounter	1
502	network	1
503	neutrophil	1
505	ngs	1
506	nitrogen	1
507	nonequilibrium	1
508	normalization	1
509	notarius	1
510	novaseq6000	1
511	nox	1
512	number	1
513	nutritional	1
497	mutant	1
495	multivariable	1
494	multiple	1
484	mortality	1
475	model	1
479	monitoring	1
480	mononuclear	1
481	morbidity	1
482	morphogenesis	1
483	morphotyping	1
485	mosquito	1
493	multilineage	1
487	motif	1
488	mpg	1
489	mrna	1
490	mtor	1
491	multi-fractal	1
492	multi-scale	1
515	observational	1
518	ok1469	1
557	plasmatic	1
519	oligothiophenes	1
541	peroxisome	1
542	pest	1
543	petri	1
544	phalloidin	1
545	pharyngocirrus	1
546	phenotypic	1
547	pheromone	1
548	phone	1
550	photos	1
551	phylogenetic	1
552	physical	1
553	pipeline	1
554	placebo-controlled	1
555	plant	1
556	plasma	1
540	peripheral	1
538	patient-hold-out	1
537	pathogen	1
527	outlier	1
520	on	1
521	one	1
522	online	1
523	optotracing	1
525	osteogenic	1
526	outcome	1
528	oxacillinases,	1
535	participants	1
529	oxygen	1
530	p53-lc3-b	1
531	pair	1
590	qpcr	1
533	pap	1
534	participant	1
589	pyrosequencing	1
651	scrub	1
591	qualitative	1
744	thick/thin	1
747	tierpsy	1
748	time-series	1
749	tirf	1
751	tm	1
752	to	1
753	tomography	1
754	tools	1
755	topological	1
756	tracker	1
758	training	1
759	transconjugant	1
761	transcriptome	1
762	transcriptomic	1
763	transcriptomics	1
764	transect	1
745	thin	1
742	therapy	1
766	transforming	1
741	the	1
712	subjects	1
713	supplementation	1
718	survival	1
720	symptoms	1
721	synthesis	1
722	synthetic	1
724	systematic	1
727	taqman	1
728	taqman®	1
731	tcrb	1
732	tcrα-ngs	1
733	team	1
735	techniques	1
736	telocytes	1
740	tgf-?	1
765	transformation	1
767	transposase	1
703	stimuli	1
792	via	1
794	viability,	1
795	video	1
796	viii	1
797	virus	1
798	visitations	1
800	visualization	1
801	visualization.	1
803	volatile	1
804	wall	1
805	weighting	1
807	widefield	1
808	wind	1
810	witnessing	1
811	workshops	1
812	worm	1
793	viability	1
791	verbal	1
768	traps	1
790	venous	1
772	two	1
773	typhi	1
774	typhus	1
775	ultrasound	1
776	unfolded	1
777	unique	1
779	upload	1
780	uracil	1
783	utilization	1
784	vacuolating	1
785	validation	1
786	variance	1
787	variation	1
788	vascular	1
789	vegetative	1
708	stress	1
702	stereotactic	1
592	quantification	1
621	removal	1
625	research.	1
627	resonance	1
628	response	1
629	restriction	1
630	reticulum	1
631	retrospective	1
632	reverse	1
634	ribosomal	1
638	ros	1
639	rotation	1
640	rrbs	1
641	rt-pcr	1
642	sabr	1
643	saliva	1
644	salmonella	1
624	representation	1
620	relevant	1
648	scan	1
619	regulatory	1
595	questionnaires	1
596	radiotherapy	1
598	randomization	1
599	randomized	1
600	range	1
602	rate	1
603	rb0020	1
605	rdt,	1
607	reactive	1
610	receptor-?	1
613	recruitment	1
614	redcap	1
615	reduced	1
616	refugia	1
617	regenerative	1
647	sas	1
649	scans	1
701	stem	1
677	soil	1
679	somatic	1
680	sop	1
681	source	1
683	spatial	1
684	spatially	1
686	species-specific	1
688	spectrometry	1
689	spectrum	1
691	splitting	1
692	spontaneous	1
693	sporozoite	1
694	spot	1
696	stable	1
698	standard	1
700	statistical	1
678	solid	1
676	software:	1
473	mits	1
675	software	1
653	semi-structured	1
654	sensit	1
656	seqc	1
658	sequoia	1
659	seropositivity	1
660	serum	1
661	settings	1
662	sheet	1
663	signing	1
664	signs	1
665	simian	1
666	simplified	1
668	single	1
670	single-molecule	1
673	small	1
474	mobile	1
408	latent	1
472	minimally	1
166	csv	1
155	correlation	1
156	councils	1
157	covariance	1
158	cover	1
159	coverage	1
160	cox	1
164	cross-validation	1
165	crystallography	1
168	cytof	1
188	diagnosis	1
171	dapi	1
174	datasets	1
177	defect	1
178	deletion	1
179	delivery	1
181	dengue	1
182	density	1
184	detailed	1
154	copulating	1
152	convenience	1
151	controlled	1
150	continuous	1
123	cluster	1
124	cluster-randomized	1
126	coadministration	1
127	codebook	1
128	codebooks	1
129	codes	1
131	cohort-stratification	1
132	collecting	1
134	committees	1
135	community	1
137	comparison	1
138	competing	1
139	compilation	1
141	compliance	1
143	computed	1
144	conditioned	1
146	conformation-dependent	1
186	determination	1
190	dictionaries	1
119	clearance	1
229	enzyme-linked	1
218	electronic	1
221	encryption	1
222	endonuclease	1
223	endoplasmic	1
224	engineering	1
225	enrollment	1
226	entomological	1
228	environmental	1
231	epigenome-wide	1
191	dictionary	1
232	equilibrium	1
233	establishment	1
235	ethics	1
236	ethylene	1
239	exit	1
240	exome	1
241	exosome	1
242	expansion	1
217	electroneurography	1
216	electron	1
215	electrocardiograms	1
214	efferocytosis	1
193	diffraction	1
194	digitization	1
195	discharge	1
196	dish	1
198	distribution	1
199	diversity	1
201	dna-based	1
203	documents	1
204	donation	1
205	doppler	1
206	double-blinded	1
207	dried	1
209	dss	1
210	ecm	1
211	ecologically	1
212	economy	1
213	ed	1
122	clonal	1
117	cleaned	1
471	minima	1
40	approvals	1
30	anonymization	1
31	anopheles	1
32	antagonist	1
33	anthropometric	1
34	anthropometry	1
36	antigen	1
37	apgar	1
38	application	1
41	ardra	1
58	bacterial	1
42	array	1
43	artificial	1
44	as	1
47	assembly	1
48	assent	1
52	associative	1
53	attitudinal	1
54	attractiveness	1
26	amplified	1
25	ampcs	1
24	amp-activated	1
23	alpha	1
2	2-based	1
3	2-d	1
4	3d	1
5	40	1
6	?-lactamases,	1
7	a	1
8	ablative	1
9	abundance	1
10	acknowledgements	1
13	adaptive	1
14	adherence	1
15	adjustment	1
17	advantage	1
18	age-frequency	1
19	algorithm	1
21	allele:	1
22	allocation	1
56	autophagy	1
59	ballard	1
116	classifier	1
105	centrifugation	1
92	care	1
95	cavitation	1
96	cdc	1
99	celliq	1
100	cells	1
101	cellular	1
102	cellulose	1
104	center	1
106	cephalic	1
60	bar-coded	1
108	charts	1
109	chest	1
110	chikungunya	1
111	chitotriosidase	1
112	cholesterol	1
113	chondrogenic	1
114	claims	1
115	classification	1
91	candidate	1
90	cancer	1
88	calls	1
87	calculation	1
61	based	1
63	bayesian	1
64	bd	1
65	beadchip	1
67	behavior	1
70	bias	1
72	biochemical	1
73	biodiversity	1
74	biofilm	1
76	biological	1
77	biophysicochemical	1
78	biopsy	1
79	biscuit	1
80	bisulfite	1
81	bleomycin-induced	1
83	board	1
84	bone	1
243	experiences	1
246	exploratory	1
247	exposure	1
401	lab	1
391	inverse	1
392	inverted	1
394	island	1
396	isotope	1
397	kessleri	1
398	key	1
399	kinase	1
400	knock-out	1
402	labeling	1
414	linkage	1
403	labial	1
404	laboratory	1
405	landscapes	1
406	large	1
407	laser-microdissection	1
1	1	1
410	leucocyte-derived	1
411	levels	1
390	invasive	1
389	intracellular	1
388	into	1
385	intervention	1
360	immunosorbent	1
362	in-depth	1
363	incidence	1
364	incubated	1
365	independent	1
366	index	1
369	infected	1
370	informant	1
371	information	1
373	inhibition	1
374	injury	1
378	integer	1
380	integrity	1
381	integron	1
382	intention-to-treat	1
383	interactive	1
384	interleukin	1
412	lidar	1
415	lipid	1
249	extended-spectrum	1
459	metabolism	1
450	medicare	1
451	medicine	1
452	memory	1
453	memory-extinction	1
454	mendeley	1
456	messaging	1
457	meta-analysis	1
458	metabolic	1
460	metabolomics	1
416	lipids	1
461	metagenomic	1
462	metallo-?-lactamases,	1
464	methods	1
465	methylation	1
466	metrics	1
467	microarray	1
468	microcosms	1
469	microscopic	1
448	mediated	1
447	media	1
444	mde	1
443	mda	1
417	liquid	1
418	lisst-holo2	1
419	literature	1
420	llin	1
421	local	1
422	location	1
426	longitudinal	1
427	luminescent	1
429	machine	1
430	magnetic	1
433	manual	1
435	marker	1
436	markers	1
437	marrow	1
439	matching	1
440	mate-copying	1
442	maxima	1
359	immunoprecipitation	1
358	immunomodulation	1
357	immunohistochemistry	1
292	gbs	1
282	fraction	1
283	fragments	1
284	fret	1
286	fst	1
287	fuel	1
288	full-length	1
290	funding	1
291	gathering	1
293	gea	1
356	immunoglobulin	1
295	genes	1
297	genetic-environment	1
301	geospatial	1
302	gis	1
303	glands	1
304	global	1
305	glycosylase	1
306	gps	1
279	form	1
278	forced	1
277	foraging	1
275	followed	1
250	extinction	1
251	extracellular	1
252	extraction	1
253	facsaria-ii	1
255	factor-?	1
256	factors	1
257	fertility	1
258	fibrosis	1
262	files.	1
263	filing	1
264	filtration	1
266	finger-prick	1
267	fingerprinting	1
270	flower	1
271	fluorescence	1
272	flux,	1
273	folding	1
307	gradient	1
308	graham	1
309	graph	1
334	holobatch	1
336	hospital	1
337	household	1
338	hucs	1
339	human	1
340	humanmethylation450	1
341	hybridization-based	1
342	hydroxyproline	1
343	hypermutation	1
344	id	1
346	il-10	1
348	image	1
349	images	1
351	immune-labeling	1
352	immunecode™	1
353	immunoassays	1
354	immunoelectron	1
355	immunofluorescence	1
335	home	1
333	hiv	1
310	ground	1
331	histories	1
311	grouping	1
313	gut	1
314	gw9662	1
315	gzip	1
316	h14-lin	1
317	hamming	1
318	hazards	1
320	healthy	1
321	heatwaves	1
322	heavy	1
323	hemoglobin	1
324	hepatocyte	1
325	heterodimer	1
326	hgf	1
327	hierarchical	1
328	high-confidence	1
330	histidine-rich	1
815	zx	1
